date,time,initials,tank,WQ.type,measurement,notes
1/17/2022,12:30:00 PM,DMBP,quarantine,light,89,tanks cleaned and Perrick made new flow
1/17/2022,12:30:00 PM,DMBP,quarantine,light,91,
1/17/2022,12:30:00 PM,DMBP,quarantine,light,75,
1/17/2022,12:30:00 PM,DMBP,quarantine,light,71,
1/17/2022,12:30:00 PM,DMBP,quarantine,temp,23.88,
1/17/2022,12:30:00 PM,DMBP,quarantine,sal.psu,34.12,
1/17/2022,12:30:00 PM,DMBP,blue tank 1,light,71,
1/17/2022,12:30:00 PM,DMBP,blue tank 1,light,68,
1/17/2022,12:30:00 PM,DMBP,blue tank 1,light,54,
1/17/2022,12:30:00 PM,DMBP,blue tank 1,light,55,
1/17/2022,12:30:00 PM,DMBP,blue tank 1,light,68,
1/17/2022,12:30:00 PM,DMBP,blue tank 1,light,70,
1/17/2022,12:30:00 PM,DMBP,blue tank 1,light,48,
1/17/2022,12:30:00 PM,DMBP,blue tank 1,light,51,
1/17/2022,12:30:00 PM,DMBP,blue tank 1,temp,25.91,
1/17/2022,12:30:00 PM,DMBP,blue tank 1,temp,25.91,
1/17/2022,12:30:00 PM,DMBP,blue tank 1,sal.psu,36.62,
1/17/2022,12:30:00 PM,DMBP,blue tank 1,sal.psu,36.57,
1/17/2022,12:30:00 PM,DMBP,blue tank 2,light,50,
1/17/2022,12:30:00 PM,DMBP,blue tank 2,light,52,
1/17/2022,12:30:00 PM,DMBP,blue tank 2,light,72,
1/17/2022,12:30:00 PM,DMBP,blue tank 2,light,61,
1/17/2022,12:30:00 PM,DMBP,blue tank 2,light,60,
1/17/2022,12:30:00 PM,DMBP,blue tank 2,light,79,
1/17/2022,12:30:00 PM,DMBP,blue tank 2,light,56,
1/17/2022,12:30:00 PM,DMBP,blue tank 2,light,51,
1/17/2022,12:30:00 PM,DMBP,blue tank 2,temp,25.95,
1/17/2022,12:30:00 PM,DMBP,blue tank 2,temp,25.91,
1/17/2022,12:30:00 PM,DMBP,blue tank 2,sal.psu,36.53,
1/17/2022,12:30:00 PM,DMBP,blue tank 2,sal.psu,36.54,
1/18/2022,12:30:00 PM,DMBP,quarantine,light,99,changed orion and apogee batteries
1/18/2022,12:30:00 PM,DMBP,quarantine,light,100,"adjusted salinity, added more DI"
1/18/2022,12:30:00 PM,DMBP,quarantine,light,101,
1/18/2022,12:30:00 PM,DMBP,quarantine,light,102,
1/18/2022,12:30:00 PM,DMBP,quarantine,temp,24.14,
1/18/2022,12:30:00 PM,DMBP,quarantine,sal.psu,34.24,
1/18/2022,12:30:00 PM,DMBP,quarantine,TA,2004.958319,
1/18/2022,12:30:00 PM,DMBP,quarantine,TA,2011.455448,
1/18/2022,12:30:00 PM,DMBP,blue tank 1,light,71,
1/18/2022,12:30:00 PM,DMBP,blue tank 1,light,65,
1/18/2022,12:30:00 PM,DMBP,blue tank 1,light,66,
1/18/2022,12:30:00 PM,DMBP,blue tank 1,light,78,
1/18/2022,12:30:00 PM,DMBP,blue tank 1,light,72,
1/18/2022,12:30:00 PM,DMBP,blue tank 1,light,66,
1/18/2022,12:30:00 PM,DMBP,blue tank 1,light,51,
1/18/2022,12:30:00 PM,DMBP,blue tank 1,light,48,
1/18/2022,12:30:00 PM,DMBP,blue tank 1,temp,25.35,
1/18/2022,12:30:00 PM,DMBP,blue tank 1,temp,25.35,
1/18/2022,12:30:00 PM,DMBP,blue tank 1,sal.psu,33.54,
1/18/2022,12:30:00 PM,DMBP,blue tank 1,sal.psu,33.21,
1/18/2022,12:30:00 PM,DMBP,blue tank 2,light,50,
1/18/2022,12:30:00 PM,DMBP,blue tank 2,light,52,
1/18/2022,12:30:00 PM,DMBP,blue tank 2,light,65,
1/18/2022,12:30:00 PM,DMBP,blue tank 2,light,78,
1/18/2022,12:30:00 PM,DMBP,blue tank 2,light,75,
1/18/2022,12:30:00 PM,DMBP,blue tank 2,light,71,
1/18/2022,12:30:00 PM,DMBP,blue tank 2,light,66,
1/18/2022,12:30:00 PM,DMBP,blue tank 2,light,67,
1/18/2022,12:30:00 PM,DMBP,blue tank 2,temp,25.38,
1/18/2022,12:30:00 PM,DMBP,blue tank 2,temp,25.38,
1/18/2022,12:30:00 PM,DMBP,blue tank 2,sal.psu,33.54,
1/18/2022,12:30:00 PM,DMBP,blue tank 2,sal.psu,33.52,
1/18/2022,12:30:00 PM,DMBP,"blue tank 1,2",TA,1789.097685,
1/18/2022,12:30:00 PM,DMBP,"blue tank 1,2",TA,1788.049112,
1/18/2022,12:30:00 PM,DMBP,"blue tank 1,2",TA,1787.838803,
1/19/2022,3:30:00 PM,DMBP,quarantine,light,114,
1/19/2022,3:30:00 PM,DMBP,quarantine,light,109,
1/19/2022,3:30:00 PM,DMBP,quarantine,light,121,
1/19/2022,3:30:00 PM,DMBP,quarantine,light,130,
1/19/2022,3:30:00 PM,DMBP,quarantine,temp,24.21,
1/19/2022,3:30:00 PM,DMBP,quarantine,sal.psu,34.25,
1/19/2022,3:30:00 PM,DMBP,blue tank 1,light,20,
1/19/2022,3:30:00 PM,DMBP,blue tank 1,light,21,
1/19/2022,3:30:00 PM,DMBP,blue tank 1,light,23,
1/19/2022,3:30:00 PM,DMBP,blue tank 1,light,17,
1/19/2022,3:30:00 PM,DMBP,blue tank 1,light,21,
1/19/2022,3:30:00 PM,DMBP,blue tank 1,light,19,
1/19/2022,3:30:00 PM,DMBP,blue tank 1,light,20,
1/19/2022,3:30:00 PM,DMBP,blue tank 1,light,18,
1/19/2022,3:30:00 PM,DMBP,blue tank 1,temp,25.45,
1/19/2022,3:30:00 PM,DMBP,blue tank 1,temp,25.45,
1/19/2022,3:30:00 PM,DMBP,blue tank 1,sal.psu,33.66,
1/19/2022,3:30:00 PM,DMBP,blue tank 1,sal.psu,33.66,
1/19/2022,3:30:00 PM,DMBP,blue tank 2,light,20,
1/19/2022,3:30:00 PM,DMBP,blue tank 2,light,22,
1/19/2022,3:30:00 PM,DMBP,blue tank 2,light,24,
1/19/2022,3:30:00 PM,DMBP,blue tank 2,light,19,
1/19/2022,3:30:00 PM,DMBP,blue tank 2,light,19,
1/19/2022,3:30:00 PM,DMBP,blue tank 2,light,17,
1/19/2022,3:30:00 PM,DMBP,blue tank 2,light,16,
1/19/2022,3:30:00 PM,DMBP,blue tank 2,light,20,
1/19/2022,3:30:00 PM,DMBP,blue tank 2,temp,25.44,
1/19/2022,3:30:00 PM,DMBP,blue tank 2,temp,25.44,
1/19/2022,3:30:00 PM,DMBP,blue tank 2,sal.psu,33.59,
1/19/2022,3:30:00 PM,DMBP,blue tank 2,sal.psu,33.59,
1/20/2022,4:00:00 PM,DMBP,quarantine,light,128,
1/20/2022,4:00:00 PM,DMBP,quarantine,light,67,
1/20/2022,4:00:00 PM,DMBP,quarantine,light,98,
1/20/2022,4:00:00 PM,DMBP,quarantine,light,110,
1/20/2022,4:00:00 PM,DMBP,quarantine,temp,23.82,
1/20/2022,4:00:00 PM,DMBP,quarantine,sal.psu,34.38,
1/20/2022,4:00:00 PM,DMBP,blue tank 1,light,65,
1/20/2022,4:00:00 PM,DMBP,blue tank 1,light,68,
1/20/2022,4:00:00 PM,DMBP,blue tank 1,light,60,
1/20/2022,4:00:00 PM,DMBP,blue tank 1,light,59,
1/20/2022,4:00:00 PM,DMBP,blue tank 1,light,61,
1/20/2022,4:00:00 PM,DMBP,blue tank 1,light,67,
1/20/2022,4:00:00 PM,DMBP,blue tank 1,light,64,
1/20/2022,4:00:00 PM,DMBP,blue tank 1,light,68,
1/20/2022,4:00:00 PM,DMBP,blue tank 1,temp,25.22,
1/20/2022,4:00:00 PM,DMBP,blue tank 1,temp,25.22,
1/20/2022,4:00:00 PM,DMBP,blue tank 1,sal.psu,34.03,
1/20/2022,4:00:00 PM,DMBP,blue tank 1,sal.psu,33.44,
1/20/2022,4:00:00 PM,DMBP,blue tank 2,light,67,
1/20/2022,4:00:00 PM,DMBP,blue tank 2,light,68,
1/20/2022,4:00:00 PM,DMBP,blue tank 2,light,70,
1/20/2022,4:00:00 PM,DMBP,blue tank 2,light,73,
1/20/2022,4:00:00 PM,DMBP,blue tank 2,light,35,
1/20/2022,4:00:00 PM,DMBP,blue tank 2,light,37,
1/20/2022,4:00:00 PM,DMBP,blue tank 2,light,42,
1/20/2022,4:00:00 PM,DMBP,blue tank 2,light,46,
1/20/2022,4:00:00 PM,DMBP,blue tank 2,temp,25.21,
1/20/2022,4:00:00 PM,DMBP,blue tank 2,temp,25.2,
1/20/2022,4:00:00 PM,DMBP,blue tank 2,sal.psu,34,
1/20/2022,4:00:00 PM,DMBP,blue tank 2,sal.psu,33.97,
1/21/2022,11:01:00 AM,DMBP,quarantine,light,120,
1/21/2022,11:01:00 AM,DMBP,quarantine,light,119,
1/21/2022,11:01:00 AM,DMBP,quarantine,light,110,
1/21/2022,11:01:00 AM,DMBP,quarantine,light,111,
1/21/2022,11:01:00 AM,DMBP,quarantine,temp,24.09,
1/21/2022,11:01:00 AM,DMBP,quarantine,sal.psu,34.25,
1/21/2022,11:01:00 AM,DMBP,blue tank 1,light,56,
1/21/2022,11:01:00 AM,DMBP,blue tank 1,light,66,
1/21/2022,11:01:00 AM,DMBP,blue tank 1,light,67,
1/21/2022,11:01:00 AM,DMBP,blue tank 1,light,60,
1/21/2022,11:01:00 AM,DMBP,blue tank 1,light,61,
1/21/2022,11:01:00 AM,DMBP,blue tank 1,light,66,
1/21/2022,11:01:00 AM,DMBP,blue tank 1,light,71,
1/21/2022,11:01:00 AM,DMBP,blue tank 1,light,57,
1/21/2022,11:01:00 AM,DMBP,blue tank 1,temp,25.41,
1/21/2022,11:01:00 AM,DMBP,blue tank 1,temp,25.42,
1/21/2022,11:01:00 AM,DMBP,blue tank 1,sal.psu,33.5,
1/21/2022,11:01:00 AM,DMBP,blue tank 1,sal.psu,33.51,
1/21/2022,11:01:00 AM,DMBP,blue tank 2,light,58,
1/21/2022,11:01:00 AM,DMBP,blue tank 2,light,59,
1/21/2022,11:01:00 AM,DMBP,blue tank 2,light,62,
1/21/2022,11:01:00 AM,DMBP,blue tank 2,light,64,
1/21/2022,11:01:00 AM,DMBP,blue tank 2,light,35,
1/21/2022,11:01:00 AM,DMBP,blue tank 2,light,33,
1/21/2022,11:01:00 AM,DMBP,blue tank 2,light,41,
1/21/2022,11:01:00 AM,DMBP,blue tank 2,light,44,
1/21/2022,11:01:00 AM,DMBP,blue tank 2,temp,25.4,
1/21/2022,11:01:00 AM,DMBP,blue tank 2,temp,25.41,
1/21/2022,11:01:00 AM,DMBP,blue tank 2,sal.psu,33.49,
1/21/2022,11:01:00 AM,DMBP,blue tank 2,sal.psu,33.44,
1/24/2022,12:00:00 PM,DMBP,blue tank 1,sal.psu,34.87,hollie checked salinity and changed dosages and adding calcium and buffer part one to QT and BT
1/24/2022,12:00:00 PM,DMBP,blue tank 2,sal.psu,34.69,hollie changed H20 filter and sediment in DI
1/24/2022,12:00:00 PM,DMBP,blue tank 1,temp,25.41,
1/24/2022,12:00:00 PM,DMBP,blue tank 2,temp,25.41,
1/24/2022,12:00:00 PM,DMBP,quarantine,sal.psu,34.5,
1/24/2022,12:00:00 PM,DMBP,header,alk,8.55,
1/24/2022,12:00:00 PM,DMBP,header,ca,475,
1/24/2022,12:00:00 PM,DMBP,header,mg,1285,
1/24/2022,4:00:00 PM,DMBP,quarantine,alk,5.76,
1/24/2022,4:00:00 PM,DMBP,quarantine,ca,414,
1/24/2022,4:00:00 PM,DMBP,quarantine,mg,1235,
1/24/2022,12:00:00 PM,DMBP,quarantine,temp,24.17,
1/25/2022,10:35:00 AM,DMBP,blue tank 1,temp,25.83,
1/25/2022,10:35:00 AM,DMBP,blue tank 2,temp,25.83,
1/25/2022,10:35:00 AM,DMBP,header,temp,25.8,
1/25/2022,10:35:00 AM,DMBP,quarantine,temp,23.78,
1/25/2022,10:35:00 AM,DMBP,blue tank 1,sal.psu,34.89,
1/25/2022,10:35:00 AM,DMBP,blue tank 2,sal.psu,34.86,
1/25/2022,10:35:00 AM,DMBP,header,sal.psu,34.89,
1/25/2022,10:35:00 AM,DMBP,quarantine,sal.psu,34.53,
1/25/2022,10:35:00 AM,DMBP,blue tank 1,pH,-90,
1/25/2022,10:35:00 AM,DMBP,blue tank 2,pH,-90.6,
1/25/2022,10:35:00 AM,DMBP,header,pH,-90.8,
1/25/2022,10:35:00 AM,DMBP,quarantine,pH,-93.8,
1/25/2022,11:10:00 AM,DMBP,quarantine,alk,8.67,
1/25/2022,11:10:00 AM,DMBP,quarantine,ca,377,
1/25/2022,11:10:00 AM,DMBP,quarantine,mg,1240,
1/25/2022,11:30:00 AM,DMBP,quarantine,temp,24.07,
1/25/2022,11:30:00 AM,DMBP,quarantine,temp,24.39,
1/26/2022,10:00:00 AM,DMBP,quarantine,light,67,
1/26/2022,10:00:00 AM,DMBP,quarantine,light,71,
1/26/2022,10:00:00 AM,DMBP,quarantine,light,59,
1/26/2022,10:00:00 AM,DMBP,quarantine,light,62,
1/26/2022,10:00:00 AM,DMBP,quarantine,temp,24.34,
1/26/2022,10:00:00 AM,DMBP,quarantine,sal.psu,34.93,
1/26/2022,10:00:00 AM,DMBP,blue tank 1,light,44,
1/26/2022,10:00:00 AM,DMBP,blue tank 1,light,40,
1/26/2022,10:00:00 AM,DMBP,blue tank 1,light,39,
1/26/2022,10:00:00 AM,DMBP,blue tank 1,light,42,
1/26/2022,10:00:00 AM,DMBP,blue tank 1,light,37,
1/26/2022,10:00:00 AM,DMBP,blue tank 1,light,36,
1/26/2022,10:00:00 AM,DMBP,blue tank 1,light,42,
1/26/2022,10:00:00 AM,DMBP,blue tank 1,light,41,
1/26/2022,10:00:00 AM,DMBP,blue tank 1,temp,25.66,
1/26/2022,10:00:00 AM,DMBP,blue tank 1,temp,25.67,
1/26/2022,10:00:00 AM,DMBP,blue tank 1,sal.psu,35.19,
1/26/2022,10:00:00 AM,DMBP,blue tank 1,sal.psu,35.15,
1/26/2022,10:00:00 AM,DMBP,blue tank 2,light,35,
1/26/2022,10:00:00 AM,DMBP,blue tank 2,light,36,
1/26/2022,10:00:00 AM,DMBP,blue tank 2,light,42,
1/26/2022,10:00:00 AM,DMBP,blue tank 2,light,41,
1/26/2022,10:00:00 AM,DMBP,blue tank 2,light,42,
1/26/2022,10:00:00 AM,DMBP,blue tank 2,light,45,
1/26/2022,10:00:00 AM,DMBP,blue tank 2,light,43,
1/26/2022,10:00:00 AM,DMBP,blue tank 2,light,46,
1/26/2022,10:00:00 AM,DMBP,blue tank 2,temp,25.65,
1/26/2022,10:00:00 AM,DMBP,blue tank 2,temp,25.65,
1/26/2022,10:00:00 AM,DMBP,blue tank 2,sal.psu,35.18,
1/26/2022,10:00:00 AM,DMBP,blue tank 2,sal.psu,35.19,
1/26/2022,9:09:00 AM,DMBP,quarantine,alk,8,
1/26/2022,9:09:00 AM,DMBP,quarantine,ca,446,
1/26/2022,9:09:00 AM,DMBP,quarantine,mg,1240,
1/26/2022,10:00:00 AM,DMBP,quarantine,temp,24.77,fifty percent water change for QT
1/26/2022,10:00:00 AM,DMBP,quarantine,sal.psu,34.21,
1/27/2022,10:00:00 AM,DMBP,quarantine,light,61,
1/27/2022,10:00:00 AM,DMBP,quarantine,light,49,
1/27/2022,10:00:00 AM,DMBP,quarantine,light,65,
1/27/2022,10:00:00 AM,DMBP,quarantine,light,52,
1/27/2022,10:00:00 AM,DMBP,quarantine,temp,23.84,
1/27/2022,10:00:00 AM,DMBP,quarantine,sal.psu,35.43,
1/27/2022,10:00:00 AM,DMBP,blue tank 1,light,71,
1/27/2022,10:00:00 AM,DMBP,blue tank 1,light,68,
1/27/2022,10:00:00 AM,DMBP,blue tank 1,light,65,
1/27/2022,10:00:00 AM,DMBP,blue tank 1,light,66,
1/27/2022,10:00:00 AM,DMBP,blue tank 1,light,59,
1/27/2022,10:00:00 AM,DMBP,blue tank 1,light,59,
1/27/2022,10:00:00 AM,DMBP,blue tank 1,light,62,
1/27/2022,10:00:00 AM,DMBP,blue tank 1,light,61,
1/27/2022,10:00:00 AM,DMBP,blue tank 1,temp,25.27,
1/27/2022,10:00:00 AM,DMBP,blue tank 1,temp,25.27,
1/27/2022,10:00:00 AM,DMBP,blue tank 1,sal.psu,35.48,
1/27/2022,10:00:00 AM,DMBP,blue tank 1,sal.psu,35.48,
1/27/2022,10:00:00 AM,DMBP,blue tank 2,light,58,
1/27/2022,10:00:00 AM,DMBP,blue tank 2,light,52,
1/27/2022,10:00:00 AM,DMBP,blue tank 2,light,49,
1/27/2022,10:00:00 AM,DMBP,blue tank 2,light,47,
1/27/2022,10:00:00 AM,DMBP,blue tank 2,light,48,
1/27/2022,10:00:00 AM,DMBP,blue tank 2,light,46,
1/27/2022,10:00:00 AM,DMBP,blue tank 2,light,45,
1/27/2022,10:00:00 AM,DMBP,blue tank 2,light,48,
1/27/2022,10:00:00 AM,DMBP,blue tank 2,temp,25.27,
1/27/2022,10:00:00 AM,DMBP,blue tank 2,temp,25.26,
1/27/2022,10:00:00 AM,DMBP,blue tank 2,sal.psu,35.48,
1/27/2022,10:00:00 AM,DMBP,blue tank 2,sal.psu,35.48,
1/27/2022,10:00:00 AM,DMBP,header,sal.psu,35.53,
1/27/2022,12:00:00 PM,DMBP,header,TA,2772.059036,
1/27/2022,12:00:00 PM,DMBP,header,TA,2770.662533,
1/27/2022,12:00:00 PM,DMBP,"blue tank 1,2",TA,2771.705519,
1/27/2022,12:00:00 PM,DMBP,"blue tank 1,2",TA,2772.281278,
1/27/2022,12:00:00 PM,DMBP,"blue tank 1,2",TA,2770.827623,
1/27/2022,12:00:00 PM,DMBP,quarantine,TA,2828.650099,
1/27/2022,12:00:00 PM,DMBP,quarantine,TA,2829.832741,
1/31/2022,9:42,DMBP,blue tank 1,temp ,25.43,
1/31/2022,9:42,DMBP,blue tank 1,temp,25.42,
1/31/2022,9:42,DMBP,blue tank 1,sal.psu,35.66,
1/31/2022,9:42,DMBP,blue tank 1,sal.psu,35.6,
1/31/2022,9:42,DMBP,blue tank 1,light,53,
1/31/2022,9:42,DMBP,blue tank 1,light,44,
1/31/2022,9:42,DMBP,blue tank 1,light,52,
1/31/2022,9:42,DMBP,blue tank 1,light,51,
1/31/2022,9:42,DMBP,blue tank 1,light,49,
1/31/2022,9:42,DMBP,blue tank 1,light,53,
1/31/2022,9:42,DMBP,blue tank 1,light,51,
1/31/2022,9:42,DMBP,blue tank 1,light,46,
1/31/2022,9:42,DMBP,blue tank 2,temp ,25.41,
1/31/2022,9:42,DMBP,blue tank 2,temp,25.41,
1/31/2022,9:42,DMBP,blue tank 2,sal.psu,35.55,
1/31/2022,9:42,DMBP,blue tank 2,sal.psu,35.52,
1/31/2022,9:42,DMBP,blue tank 2,light,42,
1/31/2022,9:42,DMBP,blue tank 2,light,43,
1/31/2022,9:42,DMBP,blue tank 2,light,51,
1/31/2022,9:42,DMBP,blue tank 2,light,52,
1/31/2022,9:42,DMBP,blue tank 2,light,43,
1/31/2022,9:42,DMBP,blue tank 2,light,46,
1/31/2022,9:42,DMBP,blue tank 2,light,48,
1/31/2022,9:42,DMBP,blue tank 2,light,50,
1/31/2022,9:42,DMBP,quarantine,temp,23.57,
1/31/2022,9:42,DMBP,quarantine,sal.psu,35.64,
1/31/2022,9:42,DMBP,quarantine,light,58,
1/31/2022,9:42,DMBP,quarantine,light,62,
1/31/2022,9:42,DMBP,quarantine,light,63,
1/31/2022,9:42,DMBP,quarantine,light,55,
1/31/2022,9:42,DMBP,quarantine,light,56,
1/31/2022,12:12,DMBP,blue tank 1,sal.psu,35.19,
1/31/2022,12:12,DMBP,blue tank 1,sal.psu,35.14,
1/31/2022,12:12,DMBP,blue tank 2,sal.psu,35.09,
1/31/2022,12:12,DMBP,blue tank 2,sal.psu,35.13,
1/31/2022,12:12,DMBP,quarantine,temp,24.046,
1/31/2022,12:12,DMBP,quarantine,sal.psu,35.35,
1/31/2022,12:12,DMBP,header,sal.psu,35.17,
2/1/2022,12:00,DMBP,blue tank 1,temp,25.444,
2/1/2022,12:00,DMBP,blue tank 1,temp,25.443,
2/1/2022,12:00,DMBP,blue tank 1,sal.psu,35.27,
2/1/2022,12:00,DMBP,blue tank 1,sal.psu,35.29,
2/1/2022,12:00,DMBP,blue tank 1,light,58,
2/1/2022,12:00,DMBP,blue tank 1,light,62,
2/1/2022,12:00,DMBP,blue tank 1,light,61,
2/1/2022,12:00,DMBP,blue tank 1,light,60,
2/1/2022,12:00,DMBP,blue tank 1,light,56,
2/1/2022,12:00,DMBP,blue tank 1,light,61,
2/1/2022,12:00,DMBP,blue tank 1,light,55,
2/1/2022,12:00,DMBP,blue tank 1,light,45,
2/1/2022,12:00,DMBP,blue tank 2,temp,25.44,
2/1/2022,12:00,DMBP,blue tank 2,temp,25.431,
2/1/2022,12:00,DMBP,blue tank 2,sal.psu,35.27,
2/1/2022,12:00,DMBP,blue tank 2,sal.psu,35.23,
2/1/2022,12:00,DMBP,blue tank 2,light,58,
2/1/2022,12:00,DMBP,blue tank 2,light,57,
2/1/2022,12:00,DMBP,blue tank 2,light,60,
2/1/2022,12:00,DMBP,blue tank 2,light,49,
2/1/2022,12:00,DMBP,blue tank 2,light,50,
2/1/2022,12:00,DMBP,blue tank 2,light,48,
2/1/2022,12:00,DMBP,blue tank 2,light,47,
2/1/2022,12:00,DMBP,blue tank 2,light,52,
2/1/2022,12:00,DMBP,quarantine,sal.psu,35.23,
2/1/2022,12:00,DMBP,quarantine,temp,24.024,
2/1/2022,12:00,DMBP,quarantine,light,61,
2/1/2022,12:00,DMBP,quarantine,light,65,
2/1/2022,12:00,DMBP,quarantine,light,63,
2/1/2022,12:00,DMBP,quarantine,light,64,
2/1/2022,12:00,DMBP,header,temp,25.389,
2/1/2022,12:00,DMBP,header,sal.psu,35.33,
2/2/2022,12:00,DMBP,blue tank 1,temp,25.863,
2/2/2022,12:00,DMBP,blue tank 1,temp,25.863,
2/2/2022,12:00,DMBP,blue tank 1,sal.psu,34.47,
2/2/2022,12:00,DMBP,blue tank 1,sal.psu,34.46,
2/2/2022,12:00,DMBP,blue tank 1,light,55,
2/2/2022,12:00,DMBP,blue tank 1,light,54,
2/2/2022,12:00,DMBP,blue tank 1,light,47,
2/2/2022,12:00,DMBP,blue tank 1,light,53,
2/2/2022,12:00,DMBP,blue tank 1,light,49,
2/2/2022,12:00,DMBP,blue tank 1,light,51,
2/2/2022,12:00,DMBP,blue tank 1,light,52,
2/2/2022,12:00,DMBP,blue tank 1,light,48,
2/2/2022,12:00,DMBP,blue tank 2,temp,25.86,
2/2/2022,12:00,DMBP,blue tank 2,temp,25.861,
2/2/2022,12:00,DMBP,blue tank 2,sal.psu,34.33,
2/2/2022,12:00,DMBP,blue tank 2,sal.psu,34.39,
2/2/2022,12:00,DMBP,blue tank 2,light,48,
2/2/2022,12:00,DMBP,blue tank 2,light,47,
2/2/2022,12:00,DMBP,blue tank 2,light,46,
2/2/2022,12:00,DMBP,blue tank 2,light,43,
2/2/2022,12:00,DMBP,blue tank 2,light,42,
2/2/2022,12:00,DMBP,blue tank 2,light,46,
2/2/2022,12:00,DMBP,blue tank 2,light,44,
2/2/2022,12:00,DMBP,blue tank 2,light,41,
2/2/2022,12:00,DMBP,quarantine,sal.psu,34.42,
2/2/2022,12:00,DMBP,quarantine,temp,24.564,
2/2/2022,12:00,DMBP,quarantine,light,55,
2/2/2022,12:00,DMBP,quarantine,light,48,
2/2/2022,12:00,DMBP,quarantine,light,49,
2/2/2022,12:00,DMBP,quarantine,light,51,
2/2/2022,12:00,DMBP,blue tank 1,pH,-82.8,
2/2/2022,12:00,DMBP,blue tank 1,pH,-82.8,
2/2/2022,12:00,DMBP,blue tank 2,pH,-83,
2/2/2022,12:00,DMBP,blue tank 2,pH,-82.5,
2/2/2022,12:00,DMBP,quarantine,pH,-76.7,
2/3/2022,12:00,DMBP,blue tank 1,temp,26.019,
2/3/2022,12:00,DMBP,blue tank 1,temp,26.018,
2/3/2022,12:00,DMBP,blue tank 1,sal.psu,35.04,
2/3/2022,12:00,DMBP,blue tank 1,sal.psu,35.2,
2/3/2022,12:00,DMBP,blue tank 1,light,69,
2/3/2022,12:00,DMBP,blue tank 1,light,72,
2/3/2022,12:00,DMBP,blue tank 1,light,73,
2/3/2022,12:00,DMBP,blue tank 1,light,70,
2/3/2022,12:00,DMBP,blue tank 1,light,66,
2/3/2022,12:00,DMBP,blue tank 1,light,66,
2/3/2022,12:00,DMBP,blue tank 1,light,70,
2/3/2022,12:00,DMBP,blue tank 1,light,71,
2/3/2022,12:00,DMBP,blue tank 2,temp,26.01,
2/3/2022,12:00,DMBP,blue tank 2,temp,25.994,
2/3/2022,12:00,DMBP,blue tank 2,sal.psu,35.12,
2/3/2022,12:00,DMBP,blue tank 2,sal.psu,35.08,
2/3/2022,12:00,DMBP,blue tank 2,light,64,
2/3/2022,12:00,DMBP,blue tank 2,light,69,
2/3/2022,12:00,DMBP,blue tank 2,light,61,
2/3/2022,12:00,DMBP,blue tank 2,light,66,
2/3/2022,12:00,DMBP,blue tank 2,light,41,
2/3/2022,12:00,DMBP,blue tank 2,light,44,
2/3/2022,12:00,DMBP,blue tank 2,light,45,
2/3/2022,12:00,DMBP,blue tank 2,light,42,
2/3/2022,12:00,DMBP,quarantine,sal.psu,35,
2/3/2022,12:00,DMBP,quarantine,temp,25.355,
2/3/2022,12:00,DMBP,quarantine,light,47,
2/3/2022,12:00,DMBP,quarantine,light,45,
2/3/2022,12:00,DMBP,quarantine,light,46,
2/3/2022,12:00,DMBP,quarantine,light,45,
2/3/2022,12:00,DMBP,blue tank 1,pH,-83.1,
2/3/2022,12:00,DMBP,blue tank 1,pH,-82.9,
2/3/2022,12:00,DMBP,blue tank 2,pH,-82.6,
2/3/2022,12:00,DMBP,blue tank 2,pH,-80.6,
2/3/2022,12:00,DMBP,quarantine,pH,-78.5,
2/4/2022,10:00,RB,blue tank 1,temp,26.81,
2/4/2022,10:00,RB,blue tank 1,temp,26.81,
2/4/2022,10:00,RB,blue tank 2,temp,26.81,
2/4/2022,10:00,RB,blue tank 2,temp,26.8,
2/4/2022,10:00,RB,blue tank 1,sal.psu,35.22,
2/4/2022,10:00,RB,blue tank 1,sal.psu,35.23,
2/4/2022,10:00,RB,blue tank 2,sal.psu,35.27,
2/4/2022,10:00,RB,blue tank 2,sal.psu,35.24,
2/4/2022,10:00,RB,blue tank 1,pH,-84.6,
2/4/2022,10:00,RB,blue tank 1,pH,-84.7,
2/4/2022,10:00,RB,blue tank 2,pH,-84.6,
2/4/2022,10:00,RB,blue tank 2,pH,-84.2,
2/4/2022,10:00,RB,blue tank 1,light,27,
2/4/2022,10:00,RB,blue tank 1,light,34,
2/4/2022,10:00,RB,blue tank 1,light,36,
2/4/2022,10:00,RB,blue tank 1,light,32,
2/4/2022,10:00,RB,blue tank 1,light,28,
2/4/2022,10:00,RB,blue tank 1,light,29,
2/4/2022,10:00,RB,blue tank 1,light,34,
2/4/2022,10:00,RB,blue tank 1,light,31,
2/4/2022,10:00,RB,blue tank 2,light,26,
2/4/2022,10:00,RB,blue tank 2,light,21,
2/4/2022,10:00,RB,blue tank 2,light,19,
2/4/2022,10:00,RB,blue tank 2,light,23,
2/4/2022,10:00,RB,blue tank 2,light,25,
2/4/2022,10:00,RB,blue tank 2,light,18,
2/4/2022,10:00,RB,blue tank 2,light,23,
2/4/2022,10:00,RB,blue tank 2,light,24,
2/4/2022,10:00,RB,quarantine,sal.psu,35.21,
2/4/2022,10:00,RB,quarantine,temp,25.34,
2/4/2022,10:00,RB,quarantine,pH,-79.7,
2/4/2022,10:00,RB,quarantine,light,76,
2/4/2022,10:00,RB,quarantine,light,78,
2/4/2022,10:00,RB,quarantine,light,79,
2/4/2022,10:00,RB,quarantine,light,63,
2/4/2022,10:00,RB,header,sal.psu,35.21,
2/4/2022,10:00,RB,header,temp,26.79,
2/4/2022,10:00,RB,header,pH,-84.8,
2/4/2022,10:00,RB,blue tank,calcium,360,
2/4/2022,10:00,RB,blue tank,kh,143.2,
2/4/2022,10:00,RB,blue tank,phosphate,0.5,
2/4/2022,10:00,RB,blue tank,nitrate NO3,0.1,
2/4/2022,10:00,RB,blue tank,nitrite NO2,0,
2/4/2022,10:00,RB,blue tank,ammonia,0,
2/4/2022,10:00,RB,quarantine,calcium,340,
2/4/2022,10:00,RB,quarantine,kh,143.2,
2/4/2022,10:00,RB,quarantine,phosphate,0.5,
2/4/2022,10:00,RB,quarantine,nitrate NO3,2.5,
2/4/2022,10:00,RB,quarantine,nitrite NO2,0.25,
2/4/2022,10:00,RB,quarantine,ammonia,0.25,
2/7/2022,10:00,RB,blue tank 1,temp,25.43,
2/7/2022,10:00,RB,blue tank 1,temp,25.43,
2/7/2022,10:00,RB,blue tank 2,temp,25.42,
2/7/2022,10:00,RB,blue tank 2,temp,25.41,
2/7/2022,10:00,RB,blue tank 1,sal.psu,36.07,
2/7/2022,10:00,RB,blue tank 1,sal.psu,36.07,
2/7/2022,10:00,RB,blue tank 2,sal.psu,36.06,
2/7/2022,10:00,RB,blue tank 2,sal.psu,36.06,
2/7/2022,10:00,RB,blue tank 1,pH,-82.1,
2/7/2022,10:00,RB,blue tank 1,pH,-82.2,
2/7/2022,10:00,RB,blue tank 2,pH,-82.3,
2/7/2022,10:00,RB,blue tank 2,pH,-82.3,
2/7/2022,10:00,RB,quarantine,sal.psu,36.1,
2/7/2022,10:00,RB,quarantine,temp,25.3,
2/7/2022,10:00,RB,quarantine,pH,-81,
2/7/2022,10:00,RB,quarantine,light,126,
2/7/2022,10:00,RB,quarantine,light,125,
2/7/2022,10:00,RB,quarantine,light,121,
2/7/2022,10:00,RB,quarantine,light,132,
2/7/2022,10:00,RB,header,sal.psu,36.1,
2/7/2022,10:00,RB,header,temp,25.3,
2/7/2022,10:00,RB,header,pH,-82.1,
2/8/2022,10:00,MS,blue tank 1,temp,26.07,
2/8/2022,10:00,MS,blue tank 1,temp,26.08,
2/8/2022,10:00,MS,blue tank 2,temp,26.06,
2/8/2022,10:00,MS,blue tank 2,temp,26.06,
2/8/2022,10:00,MS,blue tank 1,sal.psu,36.43,
2/8/2022,10:00,MS,blue tank 1,sal.psu,36.32,
2/8/2022,10:00,MS,blue tank 2,sal.psu,36.36,
2/8/2022,10:00,MS,blue tank 2,sal.psu,36.29,
2/8/2022,10:00,MS,blue tank 1,pH,-82.2,
2/8/2022,10:00,MS,blue tank 1,pH,-82.4,
2/8/2022,10:00,MS,blue tank 2,pH,-82.5,
2/8/2022,10:00,MS,blue tank 2,pH,-82.5,
2/8/2022,10:00,MS,blue tank 1,light,38,
2/8/2022,10:00,MS,blue tank 1,light,39,
2/8/2022,10:00,MS,blue tank 1,light,36,
2/8/2022,10:00,MS,blue tank 1,light,42,
2/8/2022,10:00,MS,blue tank 1,light,35,
2/8/2022,10:00,MS,blue tank 1,light,33,
2/8/2022,10:00,MS,blue tank 1,light,34,
2/8/2022,10:00,MS,blue tank 1,light,30,
2/8/2022,10:00,MS,blue tank 2,light,29,
2/8/2022,10:00,MS,blue tank 2,light,30,
2/8/2022,10:00,MS,blue tank 2,light,31,
2/8/2022,10:00,MS,blue tank 2,light,30,
2/8/2022,10:00,MS,blue tank 2,light,32,
2/8/2022,10:00,MS,blue tank 2,light,39,
2/8/2022,10:00,MS,blue tank 2,light,29,
2/8/2022,10:00,MS,blue tank 2,light,31,
2/8/2022,10:00,MS,quarantine,sal.psu,36.39,
2/8/2022,10:00,MS,quarantine,temp,25.32,
2/8/2022,10:00,MS,quarantine,pH,-79.4,
2/8/2022,10:00,MS,quarantine,light,49,
2/8/2022,10:00,MS,quarantine,light,48,
2/8/2022,10:00,MS,quarantine,light,52,
2/8/2022,10:00,MS,quarantine,light,50,
2/8/2022,10:00,MS,header,sal.psu,36.42,
2/9/2022,12:30,KD,blue tank 1,temp,25.12,
2/9/2022,12:30,KD,blue tank 1,temp,25.12,
2/9/2022,12:30,KD,blue tank 2,temp,25.12,
2/9/2022,12:30,KD,blue tank 2,temp,25.11,
2/9/2022,12:30,KD,blue tank 1,sal.psu,36.44,
2/9/2022,12:30,KD,blue tank 1,sal.psu,36.41,
2/9/2022,12:30,KD,blue tank 2,sal.psu,36.33,
2/9/2022,12:30,KD,blue tank 2,sal.psu,36.31,
2/9/2022,12:30,KD,blue tank 1,pH,-82.8,
2/9/2022,12:30,KD,blue tank 1,pH,-82.8,
2/9/2022,12:30,KD,blue tank 2,pH,-82.9,
2/9/2022,12:30,KD,blue tank 2,pH,-82.9,
2/9/2022,12:30,KD,blue tank 1,light,25,
2/9/2022,12:30,KD,blue tank 1,light,26,
2/9/2022,12:30,KD,blue tank 1,light,27,
2/9/2022,12:30,KD,blue tank 1,light,25,
2/9/2022,12:30,KD,blue tank 1,light,23,
2/9/2022,12:30,KD,blue tank 1,light,24,
2/9/2022,12:30,KD,blue tank 1,light,20,
2/9/2022,12:30,KD,blue tank 1,light,22,
2/9/2022,12:30,KD,blue tank 2,light,19,
2/9/2022,12:30,KD,blue tank 2,light,18,
2/9/2022,12:30,KD,blue tank 2,light,16,
2/9/2022,12:30,KD,blue tank 2,light,12,
2/9/2022,12:30,KD,blue tank 2,light,23,
2/9/2022,12:30,KD,blue tank 2,light,19,
2/9/2022,12:30,KD,blue tank 2,light,21,
2/9/2022,12:30,KD,blue tank 2,light,27,
2/9/2022,12:30,KD,quarantine,sal.psu,36.14,
2/9/2022,12:30,KD,quarantine,temp,25.33,
2/9/2022,12:30,KD,quarantine,pH,-80.1,
2/9/2022,12:30,KD,quarantine,light,44,
2/9/2022,12:30,KD,quarantine,light,55,
2/9/2022,12:30,KD,quarantine,light,46,
2/9/2022,12:30,KD,quarantine,light,50,
2/9/2022,12:30,KD,header,sal.psu,36.32,
2/9/2022,12:30,KD,header,temp,25.08,
2/9/2022,12:30,KD,header,pH,-82.9,
2/10/2022,13:30,PH,blue tank 1,temp,25.78,
2/10/2022,13:30,PH,blue tank 1,temp,25.78,
2/10/2022,13:30,PH,blue tank 2,temp,25.78,
2/10/2022,13:30,PH,blue tank 2,temp,25.77,
2/10/2022,13:30,PH,blue tank 1,sal.psu,36.75,
2/10/2022,13:30,PH,blue tank 1,sal.psu,36.81,
2/10/2022,13:30,PH,blue tank 2,sal.psu,36.79,
2/10/2022,13:30,PH,blue tank 2,sal.psu,36.76,
2/10/2022,13:30,PH,blue tank 1,pH,-81.5,
2/10/2022,13:30,PH,blue tank 1,pH,-82.1,
2/10/2022,13:30,PH,blue tank 2,pH,-82.2,
2/10/2022,13:30,PH,blue tank 2,pH,-82.1,
2/10/2022,13:30,PH,blue tank 1,light,27,
2/10/2022,13:30,PH,blue tank 1,light,30,
2/10/2022,13:30,PH,blue tank 1,light,28,
2/10/2022,13:30,PH,blue tank 1,light,31,
2/10/2022,13:30,PH,blue tank 1,light,24,
2/10/2022,13:30,PH,blue tank 1,light,25,
2/10/2022,13:30,PH,blue tank 1,light,22,
2/10/2022,13:30,PH,blue tank 1,light,30,
2/10/2022,13:30,PH,blue tank 2,light,28,
2/10/2022,13:30,PH,blue tank 2,light,26,
2/10/2022,13:30,PH,blue tank 2,light,15,
2/10/2022,13:30,PH,blue tank 2,light,26,
2/10/2022,13:30,PH,blue tank 2,light,21,
2/10/2022,13:30,PH,blue tank 2,light,30,
2/10/2022,13:30,PH,blue tank 2,light,20,
2/10/2022,13:30,PH,blue tank 2,light,26,
2/10/2022,13:30,PH,quarantine,sal.psu,36.54,
2/10/2022,13:30,PH,quarantine,temp,25.46,
2/10/2022,13:30,PH,quarantine,pH,-79.7,
2/10/2022,13:30,PH,quarantine,light,40,
2/10/2022,13:30,PH,quarantine,light,52,
2/10/2022,13:30,PH,quarantine,light,45,
2/10/2022,13:30,PH,quarantine,light,42,
2/10/2022,13:30,PH,header,sal.psu,36.79,
2/10/2022,13:30,PH,header,temp,25.73,
2/10/2022,13:30,PH,header,pH,-81.7,
2/11/2022,13:30,RB,blue tank 1,temp,25.76,
2/11/2022,13:30,RB,blue tank 1,temp,25.76,
2/11/2022,13:30,RB,blue tank 2,temp,25.75,
2/11/2022,13:30,RB,blue tank 2,temp,25.74,
2/11/2022,13:30,RB,blue tank 1,sal.psu,34.32,
2/11/2022,13:30,RB,blue tank 1,sal.psu,34.28,
2/11/2022,13:30,RB,blue tank 2,sal.psu,34.27,
2/11/2022,13:30,RB,blue tank 2,sal.psu,34.26,
2/11/2022,13:30,RB,blue tank 1,pH,-82.4,
2/11/2022,13:30,RB,blue tank 1,pH,-82.8,
2/11/2022,13:30,RB,blue tank 2,pH,-83,
2/11/2022,13:30,RB,blue tank 2,pH,-82.9,
2/11/2022,13:30,RB,blue tank 1,light,26,
2/11/2022,13:30,RB,blue tank 1,light,28,
2/11/2022,13:30,RB,blue tank 1,light,30,
2/11/2022,13:30,RB,blue tank 1,light,25,
2/11/2022,13:30,RB,blue tank 1,light,24,
2/11/2022,13:30,RB,blue tank 1,light,32,
2/11/2022,13:30,RB,blue tank 1,light,28,
2/11/2022,13:30,RB,blue tank 1,light,26,
2/11/2022,13:30,RB,blue tank 2,light,19,
2/11/2022,13:30,RB,blue tank 2,light,18,
2/11/2022,13:30,RB,blue tank 2,light,17,
2/11/2022,13:30,RB,blue tank 2,light,22,
2/11/2022,13:30,RB,blue tank 2,light,24,
2/11/2022,13:30,RB,blue tank 2,light,36,
2/11/2022,13:30,RB,blue tank 2,light,25,
2/11/2022,13:30,RB,blue tank 2,light,29,
2/11/2022,13:30,RB,quarantine,sal.psu,33.96,
2/11/2022,13:30,RB,quarantine,temp,25.33,
2/11/2022,13:30,RB,quarantine,pH,-80.3,
2/11/2022,13:30,RB,quarantine,light,46,
2/11/2022,13:30,RB,quarantine,light,48,
2/11/2022,13:30,RB,quarantine,light,42,
2/11/2022,13:30,RB,quarantine,light,49,
2/11/2022,13:30,RB,header,sal.psu,34.5,
2/11/2022,13:30,RB,header,temp,25.74,
2/11/2022,13:30,RB,header,pH,-82.8,
2/11/2022,13:30,RB,blue tank,calcium,360,
2/11/2022,13:30,RB,blue tank,kh,143.2,
2/11/2022,13:30,RB,blue tank,phosphate,0.25,
2/11/2022,13:30,RB,blue tank,nitrate NO3,2.5,
2/11/2022,13:30,RB,blue tank,nitrite NO2,0,
2/11/2022,13:30,RB,blue tank,ammonia,0.1,
2/11/2022,13:30,RB,quarantine,calcium,360,
2/11/2022,13:30,RB,quarantine,kh,125.3,
2/11/2022,13:30,RB,quarantine,phosphate,0.5,
2/11/2022,13:30,RB,quarantine,nitrate NO3,2.5,
2/11/2022,13:30,RB,quarantine,nitrite NO2,0.1,
2/11/2022,13:30,RB,quarantine,ammonia,0.1,
2/14/2022,16:00,RB,blue tank 1,temp,25.57,
2/14/2022,16:00,RB,blue tank 1,temp,25.57,
2/14/2022,16:00,RB,blue tank 2,temp,25.54,
2/14/2022,16:00,RB,blue tank 2,temp,25.55,
2/14/2022,16:00,RB,blue tank 1,sal.psu,34.84,
2/14/2022,16:00,RB,blue tank 1,sal.psu,34.8,
2/14/2022,16:00,RB,blue tank 2,sal.psu,34.78,
2/14/2022,16:00,RB,blue tank 2,sal.psu,34.78,
2/14/2022,16:00,RB,blue tank 1,pH,-83,
2/14/2022,16:00,RB,blue tank 1,pH,-83.7,
2/14/2022,16:00,RB,blue tank 2,pH,-83.9,
2/14/2022,16:00,RB,blue tank 2,pH,-83.9,
2/14/2022,16:00,RB,blue tank 1,light,10,
2/14/2022,16:00,RB,blue tank 1,light,10,
2/14/2022,16:00,RB,blue tank 1,light,11,
2/14/2022,16:00,RB,blue tank 1,light,11,
2/14/2022,16:00,RB,blue tank 1,light,10,
2/14/2022,16:00,RB,blue tank 1,light,11,
2/14/2022,16:00,RB,blue tank 1,light,13,
2/14/2022,16:00,RB,blue tank 1,light,12,
2/14/2022,16:00,RB,blue tank 2,light,8,
2/14/2022,16:00,RB,blue tank 2,light,9,
2/14/2022,16:00,RB,blue tank 2,light,7,
2/14/2022,16:00,RB,blue tank 2,light,8,
2/14/2022,16:00,RB,blue tank 2,light,7,
2/14/2022,16:00,RB,blue tank 2,light,8,
2/14/2022,16:00,RB,blue tank 2,light,10,
2/14/2022,16:00,RB,blue tank 2,light,12,
2/14/2022,16:00,RB,quarantine,sal.psu,34.28,
2/14/2022,16:00,RB,quarantine,temp,25.23,
2/14/2022,16:00,RB,quarantine,pH,-81.1,
2/14/2022,16:00,RB,quarantine,light,47,
2/14/2022,16:00,RB,quarantine,light,46,
2/14/2022,16:00,RB,quarantine,light,55,
2/14/2022,16:00,RB,quarantine,light,54,
2/14/2022,16:00,RB,header,sal.psu,34.81,
2/14/2022,16:00,RB,header,temp,25.55,
2/14/2022,16:00,RB,header,pH,-83.8,
2/15/2022,10:00,MS,blue tank 1,temp,25.55,
2/15/2022,10:00,MS,blue tank 1,temp,25.55,
2/15/2022,10:00,MS,blue tank 2,temp,25.54,
2/15/2022,10:00,MS,blue tank 2,temp,25.53,
2/15/2022,10:00,MS,blue tank 1,sal.psu,34.91,
2/15/2022,10:00,MS,blue tank 1,sal.psu,34.93,
2/15/2022,10:00,MS,blue tank 2,sal.psu,34.92,
2/15/2022,10:00,MS,blue tank 2,sal.psu,34.98,
2/15/2022,10:00,MS,blue tank 1,pH,-82.7,
2/15/2022,10:00,MS,blue tank 1,pH,-82.6,
2/15/2022,10:00,MS,blue tank 2,pH,-82.2,
2/15/2022,10:00,MS,blue tank 2,pH,-82.7,
2/15/2022,10:00,MS,quarantine,sal.psu,33.84,
2/15/2022,10:00,MS,quarantine,temp,25.33,
2/15/2022,10:00,MS,quarantine,pH,-79.6,
2/15/2022,10:00,MS,header,sal.psu,35.18,
2/16/2022,12:00,KD,blue tank 1,temp,25.61,
2/16/2022,12:00,KD,blue tank 1,temp,25.61,
2/16/2022,12:00,KD,blue tank 2,temp,25.61,
2/16/2022,12:00,KD,blue tank 2,temp,25.6,
2/16/2022,12:00,KD,blue tank 1,sal.psu,34.46,
2/16/2022,12:00,KD,blue tank 1,sal.psu,34.42,
2/16/2022,12:00,KD,blue tank 2,sal.psu,34.44,
2/16/2022,12:00,KD,blue tank 2,sal.psu,34.43,
2/16/2022,12:00,KD,blue tank 1,pH,-80.3,
2/16/2022,12:00,KD,blue tank 1,pH,-80.5,
2/16/2022,12:00,KD,blue tank 2,pH,-80.5,
2/16/2022,12:00,KD,blue tank 2,pH,-80.5,
2/16/2022,12:00,KD,blue tank 1,light,27,
2/16/2022,12:00,KD,blue tank 1,light,30,
2/16/2022,12:00,KD,blue tank 1,light,29,
2/16/2022,12:00,KD,blue tank 1,light,27,
2/16/2022,12:00,KD,blue tank 1,light,24,
2/16/2022,12:00,KD,blue tank 1,light,23,
2/16/2022,12:00,KD,blue tank 1,light,25,
2/16/2022,12:00,KD,blue tank 1,light,28,
2/16/2022,12:00,KD,blue tank 2,light,20,
2/16/2022,12:00,KD,blue tank 2,light,23,
2/16/2022,12:00,KD,blue tank 2,light,27,
2/16/2022,12:00,KD,blue tank 2,light,24,
2/16/2022,12:00,KD,blue tank 2,light,30,
2/16/2022,12:00,KD,blue tank 2,light,25,
2/16/2022,12:00,KD,blue tank 2,light,22,
2/16/2022,12:00,KD,blue tank 2,light,28,
2/16/2022,12:00,KD,quarantine,sal.psu,33.81,
2/16/2022,12:00,KD,quarantine,temp,25.36,
2/16/2022,12:00,KD,quarantine,pH,-79,
2/16/2022,12:00,KD,quarantine,light,57,
2/16/2022,12:00,KD,quarantine,light,53,
2/16/2022,12:00,KD,quarantine,light,42,
2/16/2022,12:00,KD,quarantine,light,33,
2/16/2022,12:00,KD,header,sal.psu,34.48,
2/16/2022,12:00,KD,header,temp,25.59,
2/16/2022,12:00,KD,header,pH,-80.5,
2/17/2022,11:00,MS,blue tank 1,temp,26.42,
2/17/2022,11:00,MS,blue tank 1,temp,26.43,
2/17/2022,11:00,MS,blue tank 2,temp,26.42,
2/17/2022,11:00,MS,blue tank 2,temp,26.41,
2/17/2022,11:00,MS,blue tank 1,sal.psu,34.49,
2/17/2022,11:00,MS,blue tank 1,sal.psu,34.52,
2/17/2022,11:00,MS,blue tank 2,sal.psu,34.62,
2/17/2022,11:00,MS,blue tank 2,sal.psu,34.57,
2/17/2022,11:00,MS,blue tank 1,pH,-81.9,
2/17/2022,11:00,MS,blue tank 1,pH,-81.8,
2/17/2022,11:00,MS,blue tank 2,pH,-82,
2/17/2022,11:00,MS,blue tank 2,pH,-81.9,
2/17/2022,11:00,MS,blue tank 1,light,33,
2/17/2022,11:00,MS,blue tank 1,light,36,
2/17/2022,11:00,MS,blue tank 1,light,35,
2/17/2022,11:00,MS,blue tank 1,light,36,
2/17/2022,11:00,MS,blue tank 1,light,34,
2/17/2022,11:00,MS,blue tank 1,light,41,
2/17/2022,11:00,MS,blue tank 1,light,34,
2/17/2022,11:00,MS,blue tank 1,light,37,
2/17/2022,11:00,MS,blue tank 2,light,33,
2/17/2022,11:00,MS,blue tank 2,light,24,
2/17/2022,11:00,MS,blue tank 2,light,33,
2/17/2022,11:00,MS,blue tank 2,light,32,
2/17/2022,11:00,MS,blue tank 2,light,34,
2/17/2022,11:00,MS,blue tank 2,light,34,
2/17/2022,11:00,MS,blue tank 2,light,33,
2/17/2022,11:00,MS,blue tank 2,light,31,
2/17/2022,11:00,MS,quarantine,sal.psu,33.96,
2/17/2022,11:00,MS,quarantine,temp,25.34,
2/17/2022,11:00,MS,quarantine,pH,-79.4,
2/17/2022,11:00,MS,quarantine,light,39,
2/17/2022,11:00,MS,quarantine,light,35,
2/17/2022,11:00,MS,quarantine,light,41,
2/17/2022,11:00,MS,quarantine,light,40,
2/17/2022,11:00,MS,header,sal.psu,34.51,
2/18/2022,14:35,PH,blue tank 1,temp,27.5,
2/18/2022,14:35,PH,blue tank 1,temp,27.29,
2/18/2022,14:35,PH,blue tank 2,temp,27.29,
2/18/2022,14:35,PH,blue tank 2,temp,27.27,
2/18/2022,14:35,PH,blue tank 1,sal.psu,34.79,
2/18/2022,14:35,PH,blue tank 1,sal.psu,34.66,
2/18/2022,14:35,PH,blue tank 2,sal.psu,34.6,
2/18/2022,14:35,PH,blue tank 2,sal.psu,34.59,
2/18/2022,14:35,PH,blue tank 1,pH,-82.8,
2/18/2022,14:35,PH,blue tank 1,pH,-83.6,
2/18/2022,14:35,PH,blue tank 2,pH,-83.4,
2/18/2022,14:35,PH,blue tank 2,pH,-83.5,
2/18/2022,14:35,PH,blue tank 1,light,27,
2/18/2022,14:35,PH,blue tank 1,light,27,
2/18/2022,14:35,PH,blue tank 1,light,26,
2/18/2022,14:35,PH,blue tank 1,light,28,
2/18/2022,14:35,PH,blue tank 1,light,25,
2/18/2022,14:35,PH,blue tank 1,light,33,
2/18/2022,14:35,PH,blue tank 1,light,22,
2/18/2022,14:35,PH,blue tank 1,light,25,
2/18/2022,14:35,PH,blue tank 2,light,22,
2/18/2022,14:35,PH,blue tank 2,light,22,
2/18/2022,14:35,PH,blue tank 2,light,23,
2/18/2022,14:35,PH,blue tank 2,light,17,
2/18/2022,14:35,PH,blue tank 2,light,21,
2/18/2022,14:35,PH,blue tank 2,light,27,
2/18/2022,14:35,PH,blue tank 2,light,21,
2/18/2022,14:35,PH,blue tank 2,light,25,
2/18/2022,14:35,PH,quarantine,sal.psu,3393,
2/18/2022,14:35,PH,quarantine,temp,25.71,
2/18/2022,14:35,PH,quarantine,pH,-79.4,
2/18/2022,14:35,PH,quarantine,light,200,
2/18/2022,14:35,PH,quarantine,light,72,
2/18/2022,14:35,PH,quarantine,light,29,
2/18/2022,14:35,PH,quarantine,light,155,
2/18/2022,14:35,PH,header,sal.psu,34.71,
2/18/2022,14:35,PH,header,temp,27.24,
2/21/2022,13:30,PH,blue tank 1,temp,25.7,
2/21/2022,13:30,PH,blue tank 1,temp,25.71,
2/21/2022,13:30,PH,blue tank 2,temp,25.71,
2/21/2022,13:30,PH,blue tank 2,temp,25.7,
2/21/2022,13:30,PH,blue tank 1,sal.psu,34.84,
2/21/2022,13:30,PH,blue tank 1,sal.psu,34.51,
2/21/2022,13:30,PH,blue tank 2,sal.psu,34.82,
2/21/2022,13:30,PH,blue tank 2,sal.psu,34.86,
2/21/2022,13:30,PH,blue tank 1,pH,-82.2,
2/21/2022,13:30,PH,blue tank 1,pH,-81.7,
2/21/2022,13:30,PH,blue tank 2,pH,-82.6,
2/21/2022,13:30,PH,blue tank 2,pH,-82.6,
2/21/2022,13:30,PH,blue tank 1,light,13,
2/21/2022,13:30,PH,blue tank 1,light,14,
2/21/2022,13:30,PH,blue tank 1,light,28,
2/21/2022,13:30,PH,blue tank 1,light,30,
2/21/2022,13:30,PH,blue tank 1,light,20,
2/21/2022,13:30,PH,blue tank 1,light,23,
2/21/2022,13:30,PH,blue tank 1,light,23,
2/21/2022,13:30,PH,blue tank 1,light,30,
2/21/2022,13:30,PH,blue tank 2,light,16,
2/21/2022,13:30,PH,blue tank 2,light,21,
2/21/2022,13:30,PH,blue tank 2,light,18,
2/21/2022,13:30,PH,blue tank 2,light,22,
2/21/2022,13:30,PH,blue tank 2,light,21,
2/21/2022,13:30,PH,blue tank 2,light,23,
2/21/2022,13:30,PH,blue tank 2,light,24,
2/21/2022,13:30,PH,blue tank 2,light,23,
2/21/2022,13:30,PH,quarantine,sal.psu,34.32,
2/21/2022,13:30,PH,quarantine,temp,25.39,
2/21/2022,13:30,PH,quarantine,pH,-81.2,
2/21/2022,13:30,PH,quarantine,light,13,
2/21/2022,13:30,PH,quarantine,light,80,
2/21/2022,13:30,PH,quarantine,light,180,
2/21/2022,13:30,PH,quarantine,light,30,
2/21/2022,13:30,PH,header,sal.psu,34.83,
2/21/2022,13:30,PH,header,temp,25.67,
2/21/2022,13:30,PH,header,pH,-82.5,
2/22/2022,13:30,PH,blue tank 1,temp,26.01,
2/22/2022,13:30,PH,blue tank 1,temp,26.01,
2/22/2022,13:30,PH,blue tank 2,temp,26.01,
2/22/2022,13:30,PH,blue tank 2,temp,26.01,
2/22/2022,13:30,PH,blue tank 1,sal.psu,35.06,
2/22/2022,13:30,PH,blue tank 1,sal.psu,34.98,
2/22/2022,13:30,PH,blue tank 2,sal.psu,34.95,
2/22/2022,13:30,PH,blue tank 2,sal.psu,35.22,
2/22/2022,13:30,PH,blue tank 1,pH,-80.7,
2/22/2022,13:30,PH,blue tank 1,pH,-81.4,
2/22/2022,13:30,PH,blue tank 2,pH,-81.6,
2/22/2022,13:30,PH,blue tank 2,pH,-81.4,
2/22/2022,13:30,PH,blue tank 1,light,15,
2/22/2022,13:30,PH,blue tank 1,light,16,
2/22/2022,13:30,PH,blue tank 1,light,24,
2/22/2022,13:30,PH,blue tank 1,light,27,
2/22/2022,13:30,PH,blue tank 1,light,24,
2/22/2022,13:30,PH,blue tank 1,light,26,
2/22/2022,13:30,PH,blue tank 1,light,30,
2/22/2022,13:30,PH,blue tank 1,light,28,
2/22/2022,13:30,PH,blue tank 2,light,17,
2/22/2022,13:30,PH,blue tank 2,light,20,
2/22/2022,13:30,PH,blue tank 2,light,17,
2/22/2022,13:30,PH,blue tank 2,light,24,
2/22/2022,13:30,PH,blue tank 2,light,17,
2/22/2022,13:30,PH,blue tank 2,light,24,
2/22/2022,13:30,PH,blue tank 2,light,30,
2/22/2022,13:30,PH,blue tank 2,light,34,
2/22/2022,13:30,PH,quarantine,sal.psu,34.67,
2/22/2022,13:30,PH,quarantine,temp,25.37,
2/22/2022,13:30,PH,quarantine,pH,-80.5,
2/22/2022,13:30,PH,quarantine,light,20,
2/22/2022,13:30,PH,quarantine,light,124,
2/22/2022,13:30,PH,quarantine,light,100,
2/22/2022,13:30,PH,quarantine,light,120,
2/22/2022,13:30,PH,header,sal.psu,35.07,
2/22/2022,13:30,PH,header,temp,25.79,
2/22/2022,13:30,PH,header,pH,-81.6,
2/23/2022,10:45,KD,blue tank 1,temp,26.55,
2/23/2022,10:45,KD,blue tank 1,temp,26.55,
2/23/2022,10:45,KD,blue tank 2,temp,26.54,
2/23/2022,10:45,KD,blue tank 2,temp,26.54,
2/23/2022,10:45,KD,blue tank 1,sal.psu,34.89,
2/23/2022,10:45,KD,blue tank 1,sal.psu,34.85,
2/23/2022,10:45,KD,blue tank 2,sal.psu,34.78,
2/23/2022,10:45,KD,blue tank 2,sal.psu,34.81,
2/23/2022,10:45,KD,blue tank 1,pH,-82.5,
2/23/2022,10:45,KD,blue tank 1,pH,-82.7,
2/23/2022,10:45,KD,blue tank 2,pH,-82.8,
2/23/2022,10:45,KD,blue tank 2,pH,-82.8,
2/23/2022,10:45,KD,blue tank 1,light,14,
2/23/2022,10:45,KD,blue tank 1,light,16,
2/23/2022,10:45,KD,blue tank 1,light,23,
2/23/2022,10:45,KD,blue tank 1,light,19,
2/23/2022,10:45,KD,blue tank 1,light,23,
2/23/2022,10:45,KD,blue tank 1,light,25,
2/23/2022,10:45,KD,blue tank 1,light,26,
2/23/2022,10:45,KD,blue tank 1,light,27,
2/23/2022,10:45,KD,blue tank 2,light,17,
2/23/2022,10:45,KD,blue tank 2,light,19,
2/23/2022,10:45,KD,blue tank 2,light,25,
2/23/2022,10:45,KD,blue tank 2,light,22,
2/23/2022,10:45,KD,blue tank 2,light,26,
2/23/2022,10:45,KD,blue tank 2,light,30,
2/23/2022,10:45,KD,blue tank 2,light,24,
2/23/2022,10:45,KD,blue tank 2,light,25,
2/23/2022,10:45,KD,quarantine,sal.psu,34.17,
2/23/2022,10:45,KD,quarantine,temp,25.36,
2/23/2022,10:45,KD,quarantine,pH,-80.5,
2/23/2022,10:45,KD,quarantine,light,41,
2/23/2022,10:45,KD,quarantine,light,62,
2/23/2022,10:45,KD,quarantine,light,52,
2/23/2022,10:45,KD,quarantine,light,35,
2/23/2022,10:45,KD,header,sal.psu,34.82,
2/23/2022,10:45,KD,header,temp,26.53,
2/23/2022,10:45,KD,header,pH,-82.8,
2/25/2022,18:03,PH,blue tank 1,temp,25.68,
2/25/2022,18:03,PH,blue tank 1,temp,25.68,
2/25/2022,18:03,PH,blue tank 2,temp,25.67,
2/25/2022,18:03,PH,blue tank 2,temp,25.66,
2/25/2022,18:03,PH,blue tank 1,sal.psu,35.32,
2/25/2022,18:03,PH,blue tank 1,sal.psu,35.84,
2/25/2022,18:03,PH,blue tank 2,sal.psu,35.83,
2/25/2022,18:03,PH,blue tank 2,sal.psu,35.84,
2/25/2022,18:03,PH,blue tank 1,pH,-82.9,
2/25/2022,18:03,PH,blue tank 1,pH,-82.7,
2/25/2022,18:03,PH,blue tank 2,pH,-82.9,
2/25/2022,18:03,PH,blue tank 2,pH,-82.9,
2/25/2022,18:03,PH,quarantine,sal.psu,35.43,
2/25/2022,18:03,PH,quarantine,temp,25.32,
2/25/2022,18:03,PH,quarantine,pH,-80.4,
2/25/2022,18:03,PH,quarantine,light,41,
2/25/2022,18:03,PH,header,sal.psu,35.88,
2/25/2022,18:03,PH,header,temp,25.63,
2/25/2022,18:03,PH,header,pH,-82.8,
2/28/2022,11:00,PH,blue tank 1,temp,25.37,
2/28/2022,11:00,PH,blue tank 1,temp,25.37,
2/28/2022,11:00,PH,blue tank 2,temp,25.36,
2/28/2022,11:00,PH,blue tank 2,temp,25.35,
2/28/2022,11:00,PH,blue tank 1,sal.psu,36.97,
2/28/2022,11:00,PH,blue tank 1,sal.psu,36.66,
2/28/2022,11:00,PH,blue tank 2,sal.psu,36.68,
2/28/2022,11:00,PH,blue tank 2,sal.psu,36.79,
2/28/2022,11:00,PH,blue tank 1,pH,-81.6,
2/28/2022,11:00,PH,blue tank 1,pH,-82.2,
2/28/2022,11:00,PH,blue tank 2,pH,-82.3,
2/28/2022,11:00,PH,blue tank 2,pH,-82.3,
2/28/2022,11:00,PH,blue tank 1,light,15,
2/28/2022,11:00,PH,blue tank 1,light,18,
2/28/2022,11:00,PH,blue tank 1,light,25,
2/28/2022,11:00,PH,blue tank 1,light,30,
2/28/2022,11:00,PH,blue tank 1,light,20,
2/28/2022,11:00,PH,blue tank 1,light,30,
2/28/2022,11:00,PH,blue tank 1,light,26,
2/28/2022,11:00,PH,blue tank 1,light,32,
2/28/2022,11:00,PH,blue tank 2,light,15,
2/28/2022,11:00,PH,blue tank 2,light,20,
2/28/2022,11:00,PH,blue tank 2,light,30,
2/28/2022,11:00,PH,blue tank 2,light,27,
2/28/2022,11:00,PH,blue tank 2,light,18,
2/28/2022,11:00,PH,blue tank 2,light,22,
2/28/2022,11:00,PH,blue tank 2,light,31,
2/28/2022,11:00,PH,blue tank 2,light,19,
2/28/2022,11:00,PH,quarantine,sal.psu,35.98,
2/28/2022,11:00,PH,quarantine,temp,25.34,
2/28/2022,11:00,PH,quarantine,pH,-81,
2/28/2022,11:00,PH,quarantine,light,50,
2/28/2022,11:00,PH,quarantine,light,42,
2/28/2022,11:00,PH,quarantine,light,38,
2/28/2022,11:00,PH,quarantine,light,46,
2/28/2022,11:00,PH,header,sal.psu,36.75,
2/28/2022,11:00,PH,header,temp,25.32,
2/28/2022,11:00,PH,header,pH,-82.5,
2/28/2022,13:30,RB,blue tank,calcium,340,
2/28/2022,13:30,RB,blue tank,kh,125.3,
2/28/2022,13:30,RB,blue tank,phosphate,0.25,
2/28/2022,13:30,RB,blue tank,nitrate NO3,0,
2/28/2022,13:30,RB,blue tank,nitrite NO2,0,
2/28/2022,13:30,RB,blue tank,ammonia,0.1,
2/28/2022,13:30,RB,quarantine,calcium,340,
2/28/2022,13:30,RB,quarantine,kh,125.3,
2/28/2022,13:30,RB,quarantine,phosphate,0.25,
2/28/2022,13:30,RB,quarantine,nitrate NO3,2.5,
2/28/2022,13:30,RB,quarantine,nitrite NO2,0,
2/28/2022,13:30,RB,quarantine,ammonia,0.1,
